expansion_factor,k,data_size,seed,num_latents,fvu,dead_feature_pct,mean_sparsity,clap_delta,lpaps,interpretability_score,train_time_s
2,8,100,42,128,0.6694396734237671,0.5546875,65.5999984741211,-1.0,-1.0,-1.0,22.15491992700845
2,8,100,123,128,0.6762622594833374,0.5703125,64.0,-1.0,-1.0,-1.0,0.17746220715343952
2,8,100,456,128,0.6724683046340942,0.546875,67.0999984741211,-1.0,-1.0,-1.0,0.12621978111565113
2,8,500,42,128,0.581665575504303,0.0703125,66.55999755859375,-1.0,-1.0,-1.0,0.6106529543176293
2,8,500,123,128,0.5647474527359009,0.0390625,65.23999786376953,-1.0,-1.0,-1.0,0.14823847822844982
2,8,500,456,128,0.5826708078384399,0.0625,67.04000091552734,-1.0,-1.0,-1.0,0.1709532206878066
2,8,1000,42,128,0.5649518370628357,0.0,65.72000122070312,-1.0,-1.0,-1.0,0.15657408349215984
2,8,1000,123,128,0.562950849533081,0.0,65.80999755859375,-1.0,-1.0,-1.0,0.14869069959968328
2,8,1000,456,128,0.577289879322052,0.0234375,66.81999969482422,-1.0,-1.0,-1.0,0.1647805506363511
2,8,5000,42,128,0.5536340212821961,0.0,66.10799639892578,-1.0,-1.0,-1.0,0.15966522507369518
2,8,5000,123,128,0.5481326923370361,0.0,66.12799877929687,-1.0,-1.0,-1.0,0.20772596262395382
2,8,5000,456,128,0.5579276876449585,0.0,65.8919985961914,-1.0,-1.0,-1.0,0.2371424250304699
2,16,100,42,128,0.5325273871421814,0.265625,67.5,-1.0,-1.0,-1.0,0.5456874771043658
2,16,100,123,128,0.5139741897583008,0.3125,64.0999984741211,-1.0,-1.0,-1.0,0.15407740511000156
2,16,100,456,128,0.5465474724769592,0.3203125,66.0999984741211,-1.0,-1.0,-1.0,0.1530872294679284
2,16,500,42,128,0.4559363126754761,0.0,66.15999603271484,-1.0,-1.0,-1.0,0.7081762403249741
2,16,500,123,128,0.42837387323379517,0.0,64.95999908447266,-1.0,-1.0,-1.0,0.19750263448804617
2,16,500,456,128,0.4370954930782318,0.015625,66.54000091552734,-1.0,-1.0,-1.0,0.1644419552758336
2,16,1000,42,128,0.42610877752304077,0.0,65.31999969482422,-1.0,-1.0,-1.0,0.11803516373038292
2,16,1000,123,128,0.4306712746620178,0.0,65.9000015258789,-1.0,-1.0,-1.0,0.1260685222223401
2,16,1000,456,128,0.4381028115749359,0.0,66.13999938964844,-1.0,-1.0,-1.0,0.11508896201848984
2,16,5000,42,128,0.4157340440750122,0.0,65.63999743652344,-1.0,-1.0,-1.0,0.15552485920488834
2,16,5000,123,128,0.4105576503276825,0.0,65.79399682617188,-1.0,-1.0,-1.0,0.17096023727208376
2,16,5000,456,128,0.41967959213256834,0.0,65.40799719238281,-1.0,-1.0,-1.0,0.13661802001297474
2,32,100,42,128,0.40628787875175476,0.0234375,66.80000305175781,-1.0,-1.0,-1.0,0.5392212336882949
2,32,100,123,128,0.36576738953590393,0.109375,64.0999984741211,-1.0,-1.0,-1.0,0.16379764676094055
2,32,100,456,128,0.41679009795188904,0.046875,67.70000457763672,-1.0,-1.0,-1.0,0.17584588285535574
2,32,500,42,128,0.3198390603065491,0.0,66.27999877929688,-1.0,-1.0,-1.0,0.761315937153995
2,32,500,123,128,0.29781898856163025,0.0,64.86000061035156,-1.0,-1.0,-1.0,0.23077150341123343
2,32,500,456,128,0.30663883686065674,0.0,65.5199966430664,-1.0,-1.0,-1.0,0.17688260413706303
2,32,1000,42,128,0.2959880232810974,0.0,65.01000213623047,-1.0,-1.0,-1.0,0.185432949103415
2,32,1000,123,128,0.29857850074768066,0.0,65.62999725341797,-1.0,-1.0,-1.0,0.12681700848042965
2,32,1000,456,128,0.30686238408088684,0.0,65.73999786376953,-1.0,-1.0,-1.0,0.12865310162305832
2,32,5000,42,128,0.28461701560020447,0.0,65.4899995727539,-1.0,-1.0,-1.0,0.15062148310244083
2,32,5000,123,128,0.28247308588027953,0.0,65.6759976196289,-1.0,-1.0,-1.0,0.1637674905359745
2,32,5000,456,128,0.29118180775642394,0.0,65.16399920654297,-1.0,-1.0,-1.0,0.17241750098764896
2,64,100,42,128,0.29867804050445557,0.0,65.5,-1.0,-1.0,-1.0,0.6094451071694493
2,64,100,123,128,0.2757362425327301,0.0078125,64.5999984741211,-1.0,-1.0,-1.0,0.13261801935732365
2,64,100,456,128,0.316921204328537,0.0,68.0999984741211,-1.0,-1.0,-1.0,0.1237700991332531
2,64,500,42,128,0.22864510118961334,0.0,67.5,-1.0,-1.0,-1.0,0.6615685997530818
2,64,500,123,128,0.21092604100704193,0.0,65.86000061035156,-1.0,-1.0,-1.0,0.3224371736869216
2,64,500,456,128,0.22498579323291779,0.0,66.27999877929688,-1.0,-1.0,-1.0,0.2152031697332859
2,64,1000,42,128,0.21963025629520416,0.0,65.23999786376953,-1.0,-1.0,-1.0,0.13289963826537132
2,64,1000,123,128,0.21282745897769928,0.0,66.26000213623047,-1.0,-1.0,-1.0,0.1473993370309472
2,64,1000,456,128,0.22304727137088776,0.0,66.4000015258789,-1.0,-1.0,-1.0,0.1251679640263319
2,64,5000,42,128,0.20337372815608978,0.0,65.81799951171875,-1.0,-1.0,-1.0,0.1517624519765377
2,64,5000,123,128,0.1997996040582657,0.0,66.3459965209961,-1.0,-1.0,-1.0,0.13998874556273222
2,64,5000,456,128,0.21403345692157746,0.0,65.53599755859375,-1.0,-1.0,-1.0,0.15795639343559742
2,128,100,42,128,0.2956888675689697,0.0,65.5999984741211,-1.0,-1.0,-1.0,0.6606428464874625
2,128,100,123,128,0.27416178584098816,0.0,64.30000305175781,-1.0,-1.0,-1.0,0.17729992419481277
2,128,100,456,128,0.31288081407546997,0.0,68.20000457763672,-1.0,-1.0,-1.0,0.1584285832941532
2,128,500,42,128,0.2262059897184372,0.0,67.58000183105469,-1.0,-1.0,-1.0,0.6627353234216571
2,128,500,123,128,0.20960567891597748,0.0,65.65999603271484,-1.0,-1.0,-1.0,0.2249727165326476
2,128,500,456,128,0.22290433943271637,0.0,66.23999786376953,-1.0,-1.0,-1.0,0.2713837279006839
2,128,1000,42,128,0.2188027948141098,0.0,65.19999694824219,-1.0,-1.0,-1.0,0.2616709154099226
2,128,1000,123,128,0.21118810772895813,0.0,66.2699966430664,-1.0,-1.0,-1.0,0.2317031705752015
2,128,1000,456,128,0.2211485356092453,0.0,66.43999481201172,-1.0,-1.0,-1.0,0.2627525953575969
2,128,5000,42,128,0.20211190319061278,0.0,65.90599884033203,-1.0,-1.0,-1.0,0.30067714396864176
2,128,5000,123,128,0.1982424919605255,0.0,66.46599639892578,-1.0,-1.0,-1.0,0.21897910814732313
2,128,5000,456,128,0.21283856046199798,0.0,65.64999841308594,-1.0,-1.0,-1.0,0.21225977782160044
4,8,100,42,256,0.6374534368515015,0.72265625,129.0,-1.0,-1.0,-1.0,0.3744840268045664
4,8,100,123,256,0.6185613870620728,0.75,128.8000030517578,-1.0,-1.0,-1.0,0.1900433599948883
4,8,100,456,256,0.6436717510223389,0.7578125,132.6999969482422,-1.0,-1.0,-1.0,0.2185118729248643
4,8,500,42,256,0.539093554019928,0.23828125,130.27999877929688,-1.0,-1.0,-1.0,0.5758251640945673
4,8,500,123,256,0.5462242364883423,0.2421875,130.13999938964844,-1.0,-1.0,-1.0,0.20688234455883503
4,8,500,456,256,0.5425708293914795,0.25390625,131.25999450683594,-1.0,-1.0,-1.0,0.19966975320130587
4,8,1000,42,256,0.532755970954895,0.09765625,130.89999389648438,-1.0,-1.0,-1.0,0.20411582477390766
4,8,1000,123,256,0.5222479104995728,0.06640625,131.27999877929688,-1.0,-1.0,-1.0,0.23168700747191906
4,8,1000,456,256,0.5337221026420593,0.1015625,131.989990234375,-1.0,-1.0,-1.0,0.1915701748803258
4,8,5000,42,256,0.5116271171569824,0.0,131.05599487304687,-1.0,-1.0,-1.0,0.18426832277327776
4,8,5000,123,256,0.5132017903327942,0.00390625,130.80399670410156,-1.0,-1.0,-1.0,0.21515198051929474
4,8,5000,456,256,0.5129660696983337,0.0,130.93599426269532,-1.0,-1.0,-1.0,0.19903659913688898
4,16,100,42,256,0.5065016746520996,0.5625,131.0,-1.0,-1.0,-1.0,0.5053863916546106
4,16,100,123,256,0.48207536339759827,0.54296875,127.5999984741211,-1.0,-1.0,-1.0,0.262776936404407
4,16,100,456,256,0.5238703489303589,0.5546875,130.6999969482422,-1.0,-1.0,-1.0,0.22300497349351645
4,16,500,42,256,0.4128909707069397,0.09375,127.5999984741211,-1.0,-1.0,-1.0,0.4276244379580021
4,16,500,123,256,0.3996378183364868,0.05859375,128.63999938964844,-1.0,-1.0,-1.0,0.19560262002050877
4,16,500,456,256,0.4026462137699127,0.05859375,129.4199981689453,-1.0,-1.0,-1.0,0.2029610313475132
4,16,1000,42,256,0.39096570014953613,0.0078125,128.39999389648438,-1.0,-1.0,-1.0,0.193660250864923
4,16,1000,123,256,0.3855073153972626,0.0078125,128.3699951171875,-1.0,-1.0,-1.0,0.18624701723456383
4,16,1000,456,256,0.40234968066215515,0.01171875,129.61000061035156,-1.0,-1.0,-1.0,0.16904280986636877
4,16,5000,42,256,0.3714582545757294,0.0,128.04199591064454,-1.0,-1.0,-1.0,0.18131287302821875
4,16,5000,123,256,0.37117449259757995,0.0,127.93999426269531,-1.0,-1.0,-1.0,0.2057606829330325
4,16,5000,456,256,0.37439749026298524,0.0,127.85599633789063,-1.0,-1.0,-1.0,0.2830007877200842
4,32,100,42,256,0.3854959011077881,0.27734375,130.10000610351562,-1.0,-1.0,-1.0,0.5359595976769924
4,32,100,123,256,0.37528061866760254,0.27734375,126.0,-1.0,-1.0,-1.0,0.3095576809719205
4,32,100,456,256,0.41084054112434387,0.28125,129.8000030517578,-1.0,-1.0,-1.0,0.23674030601978302
4,32,500,42,256,0.28738653659820557,0.00390625,124.6199951171875,-1.0,-1.0,-1.0,0.3253507912158966
4,32,500,123,256,0.2773602306842804,0.00390625,124.77999877929688,-1.0,-1.0,-1.0,0.11533116642385721
4,32,500,456,256,0.2799663245677948,0.00390625,125.57999420166016,-1.0,-1.0,-1.0,0.15372780803591013
4,32,1000,42,256,0.26301470398902893,0.0,125.43000030517578,-1.0,-1.0,-1.0,0.12974687665700912
4,32,1000,123,256,0.2678583860397339,0.0,125.41999816894531,-1.0,-1.0,-1.0,0.2330141318961978
4,32,1000,456,256,0.28131213784217834,0.0,125.50999450683594,-1.0,-1.0,-1.0,0.16942847706377506
4,32,5000,42,256,0.2527610876560211,0.0,125.01599719238281,-1.0,-1.0,-1.0,0.1699578957632184
4,32,5000,123,256,0.24878486585617066,0.0,125.15199542236329,-1.0,-1.0,-1.0,0.26811758894473314
4,32,5000,456,256,0.25733381390571597,0.0,124.90199609375,-1.0,-1.0,-1.0,0.1854728339239955
4,64,100,42,256,0.31340354681015015,0.0625,127.4000015258789,-1.0,-1.0,-1.0,0.32692280039191246
4,64,100,123,256,0.2787603437900543,0.07421875,122.20000457763672,-1.0,-1.0,-1.0,0.14229560643434525
4,64,100,456,256,0.3043106496334076,0.046875,126.70000457763672,-1.0,-1.0,-1.0,0.20430183969438076
4,64,500,42,256,0.1862715482711792,0.0,122.7199935913086,-1.0,-1.0,-1.0,0.3451355844736099
4,64,500,123,256,0.17368251085281372,0.0,122.83999633789062,-1.0,-1.0,-1.0,0.15597306191921234
4,64,500,456,256,0.18464088439941406,0.0,123.15999603271484,-1.0,-1.0,-1.0,0.18518291786313057
4,64,1000,42,256,0.1691923290491104,0.0,123.02999877929688,-1.0,-1.0,-1.0,0.15635156258940697
4,64,1000,123,256,0.16889069974422455,0.0,122.81999969482422,-1.0,-1.0,-1.0,0.13474694080650806
4,64,1000,456,256,0.1799895316362381,0.0,123.0199966430664,-1.0,-1.0,-1.0,0.14797149784862995
4,64,5000,42,256,0.16141071343421937,0.0,123.08799591064454,-1.0,-1.0,-1.0,0.15944952797144651
4,64,5000,123,256,0.15651454293727876,0.0,123.42399499511718,-1.0,-1.0,-1.0,0.2036391505971551
4,64,5000,456,256,0.16536398887634277,0.0,122.62599499511718,-1.0,-1.0,-1.0,0.2504831301048398
4,128,100,42,256,0.24762111902236938,0.0,127.70000457763672,-1.0,-1.0,-1.0,0.34644150268286467
4,128,100,123,256,0.2221614420413971,0.0078125,122.20000457763672,-1.0,-1.0,-1.0,0.14128332864493132
4,128,100,456,256,0.233733668923378,0.0,128.8000030517578,-1.0,-1.0,-1.0,0.15884334407746792
4,128,500,42,256,0.13056020438671112,0.0,124.19999694824219,-1.0,-1.0,-1.0,0.3350804829970002
4,128,500,123,256,0.12080457806587219,0.0,124.0,-1.0,-1.0,-1.0,0.18479709047824144
4,128,500,456,256,0.12842369079589844,0.0,123.7199935913086,-1.0,-1.0,-1.0,0.20951319858431816
4,128,1000,42,256,0.11511533707380295,0.0,123.79000091552734,-1.0,-1.0,-1.0,0.30694566667079926
4,128,1000,123,256,0.11396447569131851,0.0,123.8499984741211,-1.0,-1.0,-1.0,0.25115589145570993
4,128,1000,456,256,0.12200215458869934,0.0,124.43000030517578,-1.0,-1.0,-1.0,0.14980826620012522
4,128,5000,42,256,0.10863164895772934,0.0,124.0539951171875,-1.0,-1.0,-1.0,0.16246046870946884
4,128,5000,123,256,0.10460213816165924,0.0,124.50599841308593,-1.0,-1.0,-1.0,0.15296500269323587
4,128,5000,456,256,0.11249945694208145,0.0,123.8819970703125,-1.0,-1.0,-1.0,0.19689481519162655
8,8,100,42,512,0.6174564957618713,0.853515625,259.8000183105469,-1.0,-1.0,-1.0,0.4366081962361932
8,8,100,123,512,0.5978031158447266,0.857421875,258.0,-1.0,-1.0,-1.0,0.20163984410464764
8,8,100,456,512,0.5967972278594971,0.865234375,258.0,-1.0,-1.0,-1.0,0.2223320258781314
8,8,500,42,512,0.5118536353111267,0.515625,259.239990234375,-1.0,-1.0,-1.0,0.42566295992583036
8,8,500,123,512,0.5248346924781799,0.513671875,260.8999938964844,-1.0,-1.0,-1.0,0.13120304234325886
8,8,500,456,512,0.5004560351371765,0.4921875,258.1399841308594,-1.0,-1.0,-1.0,0.12865618523210287
8,8,1000,42,512,0.4957510530948639,0.283203125,259.66998291015625,-1.0,-1.0,-1.0,0.12485116068273783
8,8,1000,123,512,0.4998125731945038,0.3046875,260.55999755859375,-1.0,-1.0,-1.0,0.11460648477077484
8,8,1000,456,512,0.5021702647209167,0.294921875,262.3899841308594,-1.0,-1.0,-1.0,0.11080988124012947
8,8,5000,42,512,0.47695211338996885,0.01953125,259.93399609375,-1.0,-1.0,-1.0,0.12409744970500469
8,8,5000,123,512,0.479848307132721,0.025390625,258.88199194335937,-1.0,-1.0,-1.0,0.12943680118769407
8,8,5000,456,512,0.4764425339698791,0.01953125,259.75799951171877,-1.0,-1.0,-1.0,0.16253028996288776
8,16,100,42,512,0.5095162391662598,0.728515625,256.8999938964844,-1.0,-1.0,-1.0,0.30227405205368996
8,16,100,123,512,0.4698094427585602,0.740234375,258.1000061035156,-1.0,-1.0,-1.0,0.14186061173677444
8,16,100,456,512,0.5142876505851746,0.75,258.8999938964844,-1.0,-1.0,-1.0,0.11944807507097721
8,16,500,42,512,0.3955300748348236,0.25390625,251.83999633789062,-1.0,-1.0,-1.0,0.3045119531452656
8,16,500,123,512,0.3981620967388153,0.2421875,253.97999572753906,-1.0,-1.0,-1.0,0.14996771421283484
8,16,500,456,512,0.38075295090675354,0.228515625,251.9199981689453,-1.0,-1.0,-1.0,0.16127370949834585
8,16,1000,42,512,0.3721996247768402,0.099609375,251.83999633789062,-1.0,-1.0,-1.0,0.21358504705131054
8,16,1000,123,512,0.364721417427063,0.07421875,252.6599884033203,-1.0,-1.0,-1.0,0.26700930669903755
8,16,1000,456,512,0.3686598539352417,0.0859375,253.51998901367188,-1.0,-1.0,-1.0,0.2339491844177246
8,16,5000,42,512,0.34766281938552857,0.001953125,251.33599670410158,-1.0,-1.0,-1.0,0.17717694956809282
8,16,5000,123,512,0.3441108272075653,0.0,250.6419914550781,-1.0,-1.0,-1.0,0.1495124138891697
8,16,5000,456,512,0.3452603306770325,0.001953125,250.50999035644531,-1.0,-1.0,-1.0,0.23234855197370052
8,32,100,42,512,0.5562140345573425,0.53125,254.1999969482422,-1.0,-1.0,-1.0,0.3923537749797106
8,32,100,123,512,0.4582543671131134,0.537109375,250.3000030517578,-1.0,-1.0,-1.0,0.20131387189030647
8,32,100,456,512,0.501961350440979,0.55078125,253.40000915527344,-1.0,-1.0,-1.0,0.30818712897598743
8,32,500,42,512,0.2970747947692871,0.087890625,241.8199920654297,-1.0,-1.0,-1.0,0.27847680170089006
8,32,500,123,512,0.30918848514556885,0.060546875,245.79998779296875,-1.0,-1.0,-1.0,0.14953791722655296
8,32,500,456,512,0.30479487776756287,0.04296875,242.09999084472656,-1.0,-1.0,-1.0,0.11816124618053436
8,32,1000,42,512,0.2796548902988434,0.0078125,243.5800018310547,-1.0,-1.0,-1.0,0.12053446099162102
8,32,1000,123,512,0.28142544627189636,0.00390625,243.39999389648438,-1.0,-1.0,-1.0,0.14514381997287273
8,32,1000,456,512,0.28268691897392273,0.0078125,244.26998901367188,-1.0,-1.0,-1.0,0.16370301973074675
8,32,5000,42,512,0.26808377814292905,0.0,243.15799560546876,-1.0,-1.0,-1.0,0.13590885698795319
8,32,5000,123,512,0.26624319005012514,0.0,242.79399206542968,-1.0,-1.0,-1.0,0.18108625430613756
8,32,5000,456,512,0.26883668327331545,0.0,242.3659921875,-1.0,-1.0,-1.0,0.2300560874864459
8,64,100,42,512,0.7547721862792969,0.275390625,251.1999969482422,-1.0,-1.0,-1.0,0.33612462505698204
8,64,100,123,512,0.5866166353225708,0.259765625,243.6999969482422,-1.0,-1.0,-1.0,0.1473720222711563
8,64,100,456,512,0.731907069683075,0.267578125,251.10000610351562,-1.0,-1.0,-1.0,0.12223080825060606
8,64,500,42,512,0.3108252286911011,0.0,235.01998901367188,-1.0,-1.0,-1.0,0.2662859847769141
8,64,500,123,512,0.30680030584335327,0.001953125,240.1599884033203,-1.0,-1.0,-1.0,0.20286452677100897
8,64,500,456,512,0.31663069128990173,0.0078125,233.6599884033203,-1.0,-1.0,-1.0,0.26559331826865673
8,64,1000,42,512,0.2870575785636902,0.0,237.59999084472656,-1.0,-1.0,-1.0,0.257646594196558
8,64,1000,123,512,0.29093995690345764,0.0,237.79998779296875,-1.0,-1.0,-1.0,0.3108495930209756
8,64,1000,456,512,0.28514906764030457,0.0,238.0699920654297,-1.0,-1.0,-1.0,0.23128284979611635
8,64,5000,42,512,0.26735205936431883,0.0,238.327994140625,-1.0,-1.0,-1.0,0.19370798859745264
8,64,5000,123,512,0.2610464341640472,0.0,238.23599279785157,-1.0,-1.0,-1.0,0.19803101290017366
8,64,5000,456,512,0.27047506952285766,0.0,237.985990234375,-1.0,-1.0,-1.0,0.1407950883731246
8,128,100,42,512,1.1529443264007568,0.06640625,253.8000030517578,-1.0,-1.0,-1.0,0.3110260497778654
8,128,100,123,512,0.8497878909111023,0.052734375,237.10000610351562,-1.0,-1.0,-1.0,0.2018686244264245
8,128,100,456,512,1.123123049736023,0.076171875,249.10000610351562,-1.0,-1.0,-1.0,0.205278349108994
8,128,500,42,512,0.37536099553108215,0.0,232.89999389648438,-1.0,-1.0,-1.0,0.4360427325591445
8,128,500,123,512,0.37484776973724365,0.0,238.0,-1.0,-1.0,-1.0,0.16746607050299644
8,128,500,456,512,0.3829326331615448,0.0,231.09999084472656,-1.0,-1.0,-1.0,0.12600895762443542
8,128,1000,42,512,0.3440260887145996,0.0,235.86000061035156,-1.0,-1.0,-1.0,0.12109962292015553
8,128,1000,123,512,0.3588417172431946,0.0,235.5699920654297,-1.0,-1.0,-1.0,0.1360737457871437
8,128,1000,456,512,0.3274552524089813,0.0,236.13999938964844,-1.0,-1.0,-1.0,0.19355144072324038
8,128,5000,42,512,0.32240300440788267,0.0,237.25199047851564,-1.0,-1.0,-1.0,0.16700921580195427
8,128,5000,123,512,0.3073146462440491,0.0,236.94399084472656,-1.0,-1.0,-1.0,0.1401035701856017
8,128,5000,456,512,0.32272195649147034,0.0,236.637990234375,-1.0,-1.0,-1.0,0.20692369434982538
16,8,100,42,1024,0.58693528175354,0.92578125,512.9000244140625,-1.0,-1.0,-1.0,0.2742070099338889
16,8,100,123,1024,0.5554492473602295,0.9267578125,512.5,-1.0,-1.0,-1.0,0.12817656341940165
16,8,100,456,1024,0.5801047086715698,0.9326171875,510.6000061035156,-1.0,-1.0,-1.0,0.1404555393382907
16,8,500,42,1024,0.48211196064949036,0.716796875,513.97998046875,-1.0,-1.0,-1.0,0.4330371068790555
16,8,500,123,1024,0.5006939172744751,0.7109375,516.8200073242188,-1.0,-1.0,-1.0,0.15643231570720673
16,8,500,456,1024,0.49026110768318176,0.701171875,515.4400024414062,-1.0,-1.0,-1.0,0.1278490060940385
16,8,1000,42,1024,0.4788419008255005,0.5078125,514.0599975585938,-1.0,-1.0,-1.0,0.12871154490858316
16,8,1000,123,1024,0.46858662366867065,0.515625,515.3099975585938,-1.0,-1.0,-1.0,0.128388874232769
16,8,1000,456,1024,0.48618555068969727,0.515625,517.8999633789062,-1.0,-1.0,-1.0,0.11700011417269707
16,8,5000,42,1024,0.4506969168186188,0.11328125,513.3679990234375,-1.0,-1.0,-1.0,0.1378754209727049
16,8,5000,123,1024,0.45202234387397766,0.11328125,512.4079936523437,-1.0,-1.0,-1.0,0.16031095385551453
16,8,5000,456,1024,0.4492574756145477,0.1103515625,513.3839990234375,-1.0,-1.0,-1.0,0.13876444566994905
16,16,100,42,1024,0.4911476671695709,0.853515625,508.1000061035156,-1.0,-1.0,-1.0,0.3659864468500018
16,16,100,123,1024,0.46731898188591003,0.8564453125,508.0,-1.0,-1.0,-1.0,0.13685083109885454
16,16,100,456,1024,0.48796260356903076,0.8642578125,508.0,-1.0,-1.0,-1.0,0.12828653026372194
16,16,500,42,1024,0.39419984817504883,0.5029296875,501.2799987792969,-1.0,-1.0,-1.0,0.2928186058998108
16,16,500,123,1024,0.3882797956466675,0.4912109375,504.53997802734375,-1.0,-1.0,-1.0,0.12489678710699081
16,16,500,456,1024,0.3782477378845215,0.4736328125,501.91998291015625,-1.0,-1.0,-1.0,0.18049101438373327
16,16,1000,42,1024,0.3643198609352112,0.236328125,498.6600036621094,-1.0,-1.0,-1.0,0.362470337189734
16,16,1000,123,1024,0.36346638202667236,0.240234375,499.69000244140625,-1.0,-1.0,-1.0,0.3115956764668226
16,16,1000,456,1024,0.3686496913433075,0.2451171875,500.16998291015625,-1.0,-1.0,-1.0,0.3222054736688733
16,16,5000,42,1024,0.3351556181907654,0.009765625,494.9159892578125,-1.0,-1.0,-1.0,0.34476945642381907
16,16,5000,123,1024,0.3392170338630676,0.005859375,493.9779909667969,-1.0,-1.0,-1.0,0.2451051576063037
16,16,5000,456,1024,0.3381649026870728,0.009765625,495.0079931640625,-1.0,-1.0,-1.0,0.27004099264740944
16,32,100,42,1024,0.7657759189605713,0.7255859375,502.8000183105469,-1.0,-1.0,-1.0,0.33466693479567766
16,32,100,123,1024,0.6954845190048218,0.7333984375,497.8999938964844,-1.0,-1.0,-1.0,0.15302862506359816
16,32,100,456,1024,0.6976097226142883,0.740234375,502.3000183105469,-1.0,-1.0,-1.0,0.14791646413505077
16,32,500,42,1024,0.40368416905403137,0.236328125,483.55999755859375,-1.0,-1.0,-1.0,0.31279304064810276
16,32,500,123,1024,0.3980414569377899,0.2294921875,487.1999816894531,-1.0,-1.0,-1.0,0.3320868229493499
16,32,500,456,1024,0.4060124158859253,0.216796875,483.1399841308594,-1.0,-1.0,-1.0,0.37226775102317333
16,32,1000,42,1024,0.36762407422065735,0.064453125,482.9599914550781,-1.0,-1.0,-1.0,0.3216800522059202
16,32,1000,123,1024,0.3696078360080719,0.0615234375,482.5299987792969,-1.0,-1.0,-1.0,0.2956179277971387
16,32,1000,456,1024,0.3672145903110504,0.0634765625,483.0199890136719,-1.0,-1.0,-1.0,0.31236159708350897
16,32,5000,42,1024,0.32798662209510804,0.0,480.55998803710935,-1.0,-1.0,-1.0,0.38760930579155684
16,32,5000,123,1024,0.3389283831119537,0.0,479.1299875488281,-1.0,-1.0,-1.0,0.3229667069390416
16,32,5000,456,1024,0.34221260809898374,0.0,480.77198461914065,-1.0,-1.0,-1.0,0.38829842023551464
16,64,100,42,1024,1.7334437370300293,0.5380859375,501.3999938964844,-1.0,-1.0,-1.0,0.6160597372800112
16,64,100,123,1024,1.5262480974197388,0.5283203125,485.3999938964844,-1.0,-1.0,-1.0,0.360598380677402
16,64,100,456,1024,1.6825528144836426,0.544921875,494.8999938964844,-1.0,-1.0,-1.0,0.30542039684951305
16,64,500,42,1024,0.7172452807426453,0.048828125,471.6199951171875,-1.0,-1.0,-1.0,0.5659466339275241
16,64,500,123,1024,0.7149210572242737,0.052734375,476.739990234375,-1.0,-1.0,-1.0,0.34634705539792776
16,64,500,456,1024,0.7285541892051697,0.0546875,471.0,-1.0,-1.0,-1.0,0.41355652920901775
16,64,1000,42,1024,0.6443794369697571,0.0029296875,475.04998779296875,-1.0,-1.0,-1.0,0.39523932058364153
16,64,1000,123,1024,0.6644340753555298,0.0029296875,471.6999816894531,-1.0,-1.0,-1.0,0.38385683111846447
16,64,1000,456,1024,0.6240495443344116,0.001953125,474.3399963378906,-1.0,-1.0,-1.0,0.41665513813495636
16,64,5000,42,1024,0.569647198677063,0.0,473.4699912109375,-1.0,-1.0,-1.0,0.35307600256055593
16,64,5000,123,1024,0.5791742696762084,0.0,471.9119875488281,-1.0,-1.0,-1.0,0.2250856952741742
16,64,5000,456,1024,0.5955849738121033,0.0,474.11398046875,-1.0,-1.0,-1.0,0.1791724879294634
16,128,100,42,1024,3.7797675132751465,0.275390625,505.5,-1.0,-1.0,-1.0,0.396463536657393
16,128,100,123,1024,3.11287522315979,0.2548828125,479.20001220703125,-1.0,-1.0,-1.0,0.17849454749375582
16,128,100,456,1024,3.660208225250244,0.2734375,492.6000061035156,-1.0,-1.0,-1.0,0.24668975826352835
16,128,500,42,1024,1.4973225593566895,0.001953125,464.0799865722656,-1.0,-1.0,-1.0,0.524479909799993
16,128,500,123,1024,1.477197527885437,0.001953125,471.239990234375,-1.0,-1.0,-1.0,0.28897037357091904
16,128,500,456,1024,1.488118052482605,0.00390625,460.7200012207031,-1.0,-1.0,-1.0,0.2001769281923771
16,128,1000,42,1024,1.362496256828308,0.0,470.3899841308594,-1.0,-1.0,-1.0,0.18031386192888021
16,128,1000,123,1024,1.3811490535736084,0.0,466.28997802734375,-1.0,-1.0,-1.0,0.17820361256599426
16,128,1000,456,1024,1.3011651039123535,0.0,468.5999755859375,-1.0,-1.0,-1.0,0.20555999036878347
16,128,5000,42,1024,1.2073167695999145,0.0,469.23598657226563,-1.0,-1.0,-1.0,0.20731695368885994
16,128,5000,123,1024,1.2175775156021118,0.0,468.2439819335938,-1.0,-1.0,-1.0,0.19850706588476896
16,128,5000,456,1024,1.2626535263061522,0.0,470.3399919433594,-1.0,-1.0,-1.0,0.3148885564878583
32,8,100,42,2048,0.5283446907997131,0.9609375,1016.0,-1.0,-1.0,-1.0,0.45523697417229414
32,8,100,123,2048,0.5264475345611572,0.9609375,1033.5999755859375,-1.0,-1.0,-1.0,0.2841857075691223
32,8,100,456,2048,0.5294572114944458,0.96240234375,1019.7999877929688,-1.0,-1.0,-1.0,0.26788023579865694
32,8,500,42,2048,0.45766717195510864,0.83740234375,1023.47998046875,-1.0,-1.0,-1.0,0.4108215421438217
32,8,500,123,2048,0.47375941276550293,0.8388671875,1025.9000244140625,-1.0,-1.0,-1.0,0.22441862057894468
32,8,500,456,2048,0.46700319647789,0.83544921875,1022.719970703125,-1.0,-1.0,-1.0,0.342970353551209
32,8,1000,42,2048,0.45904749631881714,0.7099609375,1021.2999877929688,-1.0,-1.0,-1.0,0.3655063956975937
32,8,1000,123,2048,0.4373566210269928,0.71044921875,1024.0899658203125,-1.0,-1.0,-1.0,0.36599970515817404
32,8,1000,456,2048,0.4539826810359955,0.69677734375,1027.8099365234375,-1.0,-1.0,-1.0,0.3597807129845023
32,8,5000,42,2048,0.42966681957244873,0.2548828125,1018.389962890625,-1.0,-1.0,-1.0,0.42226843535900116
32,8,5000,123,2048,0.42966235280036924,0.27685546875,1016.7359765625,-1.0,-1.0,-1.0,0.29366963263601065
32,8,5000,456,2048,0.43164233899116516,0.2568359375,1018.7619770507813,-1.0,-1.0,-1.0,0.2693444648757577
32,16,100,42,2048,0.5320214629173279,0.92529296875,1012.7999877929688,-1.0,-1.0,-1.0,0.651374296285212
32,16,100,123,2048,0.4921397268772125,0.92578125,1025.0,-1.0,-1.0,-1.0,0.33689296431839466
32,16,100,456,2048,0.504214346408844,0.927734375,1014.4000244140625,-1.0,-1.0,-1.0,0.3241158491000533
32,16,500,42,2048,0.40432441234588623,0.69580078125,1000.1799926757812,-1.0,-1.0,-1.0,0.6341663999482989
32,16,500,123,2048,0.41406092047691345,0.69482421875,1003.1399536132812,-1.0,-1.0,-1.0,0.3062710901722312
32,16,500,456,2048,0.4066270887851715,0.6826171875,1001.5799560546875,-1.0,-1.0,-1.0,0.4134881589561701
32,16,1000,42,2048,0.38262203335762024,0.4736328125,992.0,-1.0,-1.0,-1.0,0.42125565838068724
32,16,1000,123,2048,0.3798029124736786,0.48974609375,994.969970703125,-1.0,-1.0,-1.0,0.41599605698138475
32,16,1000,456,2048,0.38274019956588745,0.4833984375,997.739990234375,-1.0,-1.0,-1.0,0.4261651001870632
32,16,5000,42,2048,0.34390697622299193,0.04150390625,984.3459877929688,-1.0,-1.0,-1.0,0.49104373529553413
32,16,5000,123,2048,0.35016301536560057,0.05615234375,983.7819741210938,-1.0,-1.0,-1.0,0.39366372115910053
32,16,5000,456,2048,0.3511255431175232,0.04541015625,985.2939790039062,-1.0,-1.0,-1.0,0.3072855696082115
32,32,100,42,2048,1.2079143524169922,0.8515625,1005.0,-1.0,-1.0,-1.0,0.6572740487754345
32,32,100,123,2048,1.174521803855896,0.8544921875,1008.9000244140625,-1.0,-1.0,-1.0,0.2709905905649066
32,32,100,456,2048,1.1196362972259521,0.85791015625,999.4000244140625,-1.0,-1.0,-1.0,0.28344721999019384
32,32,500,42,2048,0.6454044580459595,0.4755859375,972.4199829101562,-1.0,-1.0,-1.0,0.46058244444429874
32,32,500,123,2048,0.6324926018714905,0.46484375,976.3599853515625,-1.0,-1.0,-1.0,0.22679941914975643
32,32,500,456,2048,0.6548246741294861,0.46484375,973.0999755859375,-1.0,-1.0,-1.0,0.2474443856626749
32,32,1000,42,2048,0.5703637599945068,0.22705078125,966.699951171875,-1.0,-1.0,-1.0,0.2350131319835782
32,32,1000,123,2048,0.5758009552955627,0.232421875,968.0399780273438,-1.0,-1.0,-1.0,0.20264368504285812
32,32,1000,456,2048,0.5687188506126404,0.220703125,971.989990234375,-1.0,-1.0,-1.0,0.1983650829643011
32,32,5000,42,2048,0.47043197679519655,0.00439453125,962.6699780273437,-1.0,-1.0,-1.0,0.20161723159253597
32,32,5000,123,2048,0.48739767241477966,0.00341796875,962.5779736328125,-1.0,-1.0,-1.0,0.2098870063200593
32,32,5000,456,2048,0.4941408085823059,0.00244140625,963.445978515625,-1.0,-1.0,-1.0,0.203870989382267
32,64,100,42,2048,3.5716352462768555,0.72314453125,997.7999877929688,-1.0,-1.0,-1.0,0.4389331256970763
32,64,100,123,2048,3.4423258304595947,0.73095703125,996.5,-1.0,-1.0,-1.0,0.22361936513334513
32,64,100,456,2048,3.234978437423706,0.73291015625,996.2999877929688,-1.0,-1.0,-1.0,0.27002535574138165
32,64,500,42,2048,1.659339427947998,0.2236328125,956.0599975585938,-1.0,-1.0,-1.0,0.4467302896082401
32,64,500,123,2048,1.6365176439285278,0.22802734375,960.47998046875,-1.0,-1.0,-1.0,0.22545832116156816
32,64,500,456,2048,1.5975139141082764,0.22216796875,954.0799560546875,-1.0,-1.0,-1.0,0.20623072143644094
32,64,1000,42,2048,1.4589638710021973,0.06005859375,953.0,-1.0,-1.0,-1.0,0.19979811739176512
32,64,1000,123,2048,1.4726028442382812,0.06396484375,951.6699829101562,-1.0,-1.0,-1.0,0.20427603647112846
32,64,1000,456,2048,1.4126675128936768,0.0576171875,955.9199829101562,-1.0,-1.0,-1.0,0.201858501881361
32,64,5000,42,2048,1.1954273614883424,0.0,949.9099760742188,-1.0,-1.0,-1.0,0.2574929650872946
32,64,5000,123,2048,1.2184125785827638,0.0,950.3079794921875,-1.0,-1.0,-1.0,0.2329538892954588
32,64,5000,456,2048,1.2569606790542602,0.0,951.601962890625,-1.0,-1.0,-1.0,0.2153351167216897
32,128,100,42,2048,9.189377784729004,0.53564453125,992.6000366210938,-1.0,-1.0,-1.0,0.4535912638530135
32,128,100,123,2048,8.4395751953125,0.52587890625,976.2999877929688,-1.0,-1.0,-1.0,0.21844969876110554
32,128,100,456,2048,8.72648811340332,0.53466796875,986.6000366210938,-1.0,-1.0,-1.0,0.214974757283926
32,128,500,42,2048,4.04673433303833,0.046875,942.0999755859375,-1.0,-1.0,-1.0,0.46862437669187784
32,128,500,123,2048,4.094422340393066,0.05419921875,947.6399536132812,-1.0,-1.0,-1.0,0.22265730891376734
32,128,500,456,2048,3.9931142330169678,0.04931640625,938.8399658203125,-1.0,-1.0,-1.0,0.22397494316101074
32,128,1000,42,2048,3.742494821548462,0.00390625,943.1399536132812,-1.0,-1.0,-1.0,0.18822653964161873
32,128,1000,123,2048,3.753084182739258,0.00341796875,940.219970703125,-1.0,-1.0,-1.0,0.19780642539262772
32,128,1000,456,2048,3.583282470703125,0.00390625,943.6300048828125,-1.0,-1.0,-1.0,0.2024246398359537
32,128,5000,42,2048,3.202088972091675,0.0,941.4699663085937,-1.0,-1.0,-1.0,0.30542314425110817
32,128,5000,123,2048,3.236664234161377,0.0,941.87798046875,-1.0,-1.0,-1.0,0.28350100107491016
32,128,5000,456,2048,3.33764856338501,0.0,942.9319624023437,-1.0,-1.0,-1.0,0.2423722567036748
